{
  "train_metrics": {
    "train_runtime": 8775.6341,
    "train_samples_per_second": 27.348,
    "train_steps_per_second": 3.419,
    "total_flos": 1.6287139754016768e+19,
    "train_loss": 0.07740699111039821,
    "epoch": 26.0
  },
  "eval_metrics": {
    "eval_loss": 0.08048324286937714,
    "eval_per_label_accuracy": 0.97395,
    "eval_f1": 0.8669166666666667,
    "eval_precision": 0.85975,
    "eval_recall": 0.8815,
    "eval_runtime": 34.0561,
    "eval_samples_per_second": 58.727,
    "eval_steps_per_second": 7.341,
    "epoch": 26.0
  },
  "f1_score": 0.8740665014985548,
  "precision": 0.8676915830466164,
  "recall": 0.8815,
  "accuracy_per_class": {
    "bellbird": 0.9625,
    "fantail": 0.9775,
    "kaka": 0.9755,
    "morepork": 0.994,
    "robin": 0.981,
    "saddleback": 0.9725,
    "silvereye": 0.987,
    "tomtit": 0.9825,
    "tui": 0.9495,
    "whitehead": 0.965
  },
  "hamming_loss": 0.0253,
  "subset_accuracy": 0.8455,
  "roc-auc": {
    "macro": 0.9833039669790835,
    "micro": 0.9844705,
    "per_class": {
      "bellbird": 0.9790604858198826,
      "fantail": 0.9778928770525409,
      "kaka": 0.9801133299594302,
      "morepork": 0.9995454222601037,
      "robin": 0.9896406005842788,
      "saddleback": 0.9930427985147547,
      "silvereye": 0.9940350603005913,
      "tomtit": 0.9908852517833776,
      "tui": 0.9531238435158763,
      "whitehead": 0.9756999999999999
    }
  }
}