{
  "hyperparameters": {
    "epochs": 30,
    "batch_size": 16,
    "learning_rate": 7e-05,
    "model_name": "google/vit-base-patch16-224-in21k",
    "lora_rank": 16,
    "seed": 42,
    "segment_len": 3.0,
    "image_size": 224,
    "labels": [
      "bellbird",
      "kaka",
      "morepork",
      "robin",
      "saddleback",
      "silvereye",
      "tomtit",
      "tui",
      "whitehead"
    ]
  },
  "train_metrics": {
    "train_runtime": 35583.2411,
    "train_samples_per_second": 10.623,
    "train_steps_per_second": 0.332,
    "total_flos": 2.2997223349852373e+19,
    "train_loss": 0.9439884757995606,
    "epoch": 22.84263959390863
  },
  "eval_metrics": {
    "eval_f1": 0.6304941473912006,
    "eval_loss": 1.3400332927703857,
    "eval_accuracy": 0.6333333333333333,
    "eval_precision": 0.6300859660010715,
    "eval_recall": 0.6333333333333333,
    "eval_f1_macro": 0.6304941473912007,
    "eval_auc": 0.9091282407407407,
    "eval_runtime": 220.2899,
    "eval_samples_per_second": 12.257,
    "eval_steps_per_second": 0.767,
    "epoch": 22.84263959390863
  },
  "per_class_accuracy": {
    "bellbird": 0.42333333333333334,
    "kaka": 0.8566666666666667,
    "morepork": 0.7666666666666667,
    "robin": 0.6533333333333333,
    "saddleback": 0.8666666666666667,
    "silvereye": 0.6433333333333333,
    "tomtit": 0.35333333333333333,
    "tui": 0.47,
    "whitehead": 0.6666666666666666
  },
  "classification_report": "              precision    recall  f1-score   support\n\n    bellbird       0.43      0.42      0.43       300\n        kaka       0.79      0.86      0.82       300\n    morepork       0.80      0.77      0.78       300\n       robin       0.66      0.65      0.66       300\n  saddleback       0.85      0.87      0.86       300\n   silvereye       0.53      0.64      0.58       300\n      tomtit       0.40      0.35      0.37       300\n         tui       0.54      0.47      0.50       300\n   whitehead       0.67      0.67      0.67       300\n\n    accuracy                           0.63      2700\n   macro avg       0.63      0.63      0.63      2700\nweighted avg       0.63      0.63      0.63      2700\n",
  "best_thresholds": {
    "bellbird": 0.18938487768173218,
    "kaka": 0.22796452045440674,
    "morepork": 0.43423017859458923,
    "robin": 0.26793599128723145,
    "saddleback": 0.19479665160179138,
    "silvereye": 0.4081061780452728,
    "tomtit": 0.12938645482063293,
    "tui": 0.3507261872291565,
    "whitehead": 0.5527237057685852
  }
}