{
  "hyperparameters": {
    "epochs": 30,
    "batch_size": 32,
    "learning_rate": 0.0001,
    "model_name": "google/vit-base-patch16-224-in21k",
    "lora_rank": 24,
    "seed": 21,
    "segment_len": 4.0,
    "image_size": 224,
    "labels": [
      "bellbird",
      "fantail",
      "greywarbler",
      "kaka",
      "kea",
      "kereru",
      "kingfisher",
      "kiwi",
      "kokako",
      "morepork",
      "parakeet",
      "pukeko",
      "robin",
      "saddleback",
      "silvereye",
      "stitchbird",
      "tomtit",
      "tui",
      "whitehead",
      "yellowhead"
    ]
  },
  "train_metrics": {
    "train_runtime": 79115.3006,
    "train_samples_per_second": 9.101,
    "train_steps_per_second": 0.284,
    "total_flos": 4.260469129504358e+19,
    "train_loss": 1.037253137925092,
    "epoch": 22.666666666666668
  },
  "eval_metrics": {
    "eval_loss": 1.037784457206726,
    "eval_accuracy": 0.7026666666666667,
    "eval_precision": 0.6976285411216924,
    "eval_recall": 0.7026666666666667,
    "eval_f1": 0.6981868313570733,
    "eval_auc": 0.9651465497076024,
    "eval_runtime": 310.2813,
    "eval_samples_per_second": 9.669,
    "eval_steps_per_second": 0.303,
    "epoch": 22.666666666666668
  },
  "per_class_accuracy": {
    "bellbird": 0.4666666666666667,
    "fantail": 0.74,
    "greywarbler": 0.6066666666666667,
    "kaka": 0.7866666666666666,
    "kea": 0.66,
    "kereru": 0.8866666666666667,
    "kingfisher": 0.9733333333333334,
    "kiwi": 0.76,
    "kokako": 0.7933333333333333,
    "morepork": 0.8333333333333334,
    "parakeet": 0.8,
    "pukeko": 0.7066666666666667,
    "robin": 0.7133333333333334,
    "saddleback": 0.8133333333333334,
    "silvereye": 0.4533333333333333,
    "stitchbird": 0.88,
    "tomtit": 0.3333333333333333,
    "tui": 0.4066666666666667,
    "whitehead": 0.6466666666666666,
    "yellowhead": 0.7933333333333333
  },
  "classification_report": "              precision    recall  f1-score   support\n\n    bellbird       0.45      0.47      0.46       150\n     fantail       0.83      0.74      0.78       150\n greywarbler       0.60      0.61      0.60       150\n        kaka       0.80      0.79      0.79       150\n         kea       0.75      0.66      0.70       150\n      kereru       0.83      0.89      0.86       150\n  kingfisher       0.91      0.97      0.94       150\n        kiwi       0.70      0.76      0.73       150\n      kokako       0.81      0.79      0.80       150\n    morepork       0.86      0.83      0.85       150\n    parakeet       0.67      0.80      0.73       150\n      pukeko       0.70      0.71      0.70       150\n       robin       0.63      0.71      0.67       150\n  saddleback       0.75      0.81      0.78       150\n   silvereye       0.51      0.45      0.48       150\n  stitchbird       0.81      0.88      0.84       150\n      tomtit       0.43      0.33      0.37       150\n         tui       0.55      0.41      0.47       150\n   whitehead       0.61      0.65      0.63       150\n  yellowhead       0.75      0.79      0.77       150\n\n    accuracy                           0.70      3000\n   macro avg       0.70      0.70      0.70      3000\nweighted avg       0.70      0.70      0.70      3000\n",
  "best_thresholds": {
    "bellbird": 0.28596752882003784,
    "fantail": 0.16777484118938446,
    "greywarbler": 0.3809376358985901,
    "kaka": 0.48192310333251953,
    "kea": 0.43307405710220337,
    "kereru": 0.35520580410957336,
    "kingfisher": 0.6965748071670532,
    "kiwi": 0.3890089690685272,
    "kokako": 0.5350871086120605,
    "morepork": 0.279166042804718,
    "parakeet": 0.5248901844024658,
    "pukeko": 0.5407184362411499,
    "robin": 0.6182023286819458,
    "saddleback": 0.2792258858680725,
    "silvereye": 0.18691985309123993,
    "stitchbird": 0.58292555809021,
    "tomtit": 0.23251362144947052,
    "tui": 0.2279941886663437,
    "whitehead": 0.2487362027168274,
    "yellowhead": 0.3961528539657593
  }
}